{
    "loss": 18.433977127075195,
    "accuracy": 0.5179855823516846
}